{
    "Emerging Technology":{
        "0":"5G Networks",
        "1":"Adaptive Security Architecture",
        "2":"Advanced Analytics",
        "3":"Affective Computing",
        "4":"AI Ethics",
        "5":"Angular framework",
        "6":"API gateway",
        "7":"AI - Chatbot",
        "8":"AI - Cyber Security",
        "9":"AI - Virtual Assistants",
        "10":"Augmented Analytics",
        "11":"Augmented Data Catalogues",
        "12":"Auto Machine Learning",
        "13":"Autonomic Computing",
        "14":"Big Data",
        "15":"Biometrics",
        "16":"Blue J",
        "17":"Cloud computing (Protected B)",
        "18":"Cloud Computing (Unclassified)",
        "19":"Confidential Computing",
        "20":"Convergence",
        "21":"Dark Data",
        "22":"Data Anonymization",
        "23":"Data Centricity ",
        "24":"Data Collaboration Network",
        "25":"Data Driven Organizations",
        "26":"Data Fabric",
        "27":"Data Lakes",
        "28":"Data Marketplaces",
        "29":"Data Mesh",
        "30":"Data Ops",
        "31":"Data Orchestration",
        "32":"Data Vault Modelling",
        "33":"Deep Learning",
        "34":"Dev Ops",
        "35":"Digital Privacy",
        "36":"Digital Twin",
        "37":"Distributed Web",
        "38":"DLT Defensive",
        "39":"DLT Offensive",
        "40":"Edge Computing",
        "41":"Enterprise IT Architecture",
        "42":"Enterprise taxonomy and ontology management ",
        "43":"Explainable AI",
        "44":"Facebook Libra",
        "45":"Flowable",
        "46":"Gamification",
        "47":"Geospatial Analysis",
        "48":"Graph Analytics",
        "49":"Homomorphic encryption",
        "50":"ICAM",
        "51":"Infrastructure as a code using Terraform",
        "52":"Machine Learning",
        "53":"Internet of Things (IoT)",
        "54":"Knowledge graphs",
        "55":"Knowledge presentation approaches to AI",
        "56":"Language Based AI ",
        "57":"Legislation as Code",
        "58":"Low Code",
        "59":"Machine Learning",
        "60":"Managed Container Services (OpenShift)",
        "61":"MASA",
        "62":"Micro services",
        "63":"Mobile & IoT Security",
        "64":"Natural Systems",
        "65":"New Data Management Technologies",
        "66":"NewSQL DBMS",
        "67":"NoSQL Databases",
        "68":"Observability",
        "69":"Open Everything",
        "70":"Pan Canadian Trust Framework",
        "71":"Phone as a token",
        "72":"Quantum Computing ",
        "73":"Quantum Machine Learning",
        "74":"R & Python",
        "75":"Real-Time Analytics\/Continuous Intelligence",
        "76":"Record Linking",
        "77":"REST webservices",
        "78":"Robotic Process Automation",
        "79":"Secure Voice Communications",
        "80":"Taxonomy and Ontology",
        "81":"Temporal logic of actions ",
        "82":"Text Analytics",
        "83":"Two-way communication",
        "84":"Vision-Based  AI",
        "85":"Wardley Mapping"
    },
    "KPI Research Phase (Topic)":{
        "0":"Study",
        "1":"Study",
        "2":"Relate",
        "3":"Study",
        "4":"Study",
        "5":"Adopt",
        "6":"Adopt",
        "7":"Readiness",
        "8":"Adopt\/Readiness",
        "9":"Adopt",
        "10":"Study",
        "11":"Study",
        "12":"Identify",
        "13":"Study",
        "14":"Adopt",
        "15":"Adopt",
        "16":"Adopt",
        "17":"Adopt",
        "18":"Adopt\/Readiness",
        "19":"Study",
        "20":"Study",
        "21":"Study",
        "22":"Plan",
        "23":"Study",
        "24":"Study",
        "25":"Study",
        "26":"Study",
        "27":"Study",
        "28":"Study",
        "29":"Study",
        "30":"Study",
        "31":"Study",
        "32":"Identify",
        "33":"Adopt",
        "34":"Adopt",
        "35":"Study",
        "36":"Study",
        "37":"Study",
        "38":"Adopt",
        "39":"Plan",
        "40":"Study",
        "41":"Study",
        "42":"Study",
        "43":"Relate",
        "44":"Study",
        "45":"Adopt",
        "46":"Adopt\/Readiness",
        "47":"Relate",
        "48":"Relate",
        "49":"Study",
        "50":"Adopt",
        "51":"Relate",
        "52":"Relate",
        "53":"Study",
        "54":"Study",
        "55":"Identify",
        "56":"Study",
        "57":"Study",
        "58":"Study",
        "59":"Readiness",
        "60":"Relate",
        "61":"Study",
        "62":"Adopt",
        "63":"Study",
        "64":"Relate",
        "65":"Plan",
        "66":"Study",
        "67":"Study",
        "68":"Study",
        "69":"Study",
        "70":"Study",
        "71":"Study",
        "72":"Study",
        "73":"Identify",
        "74":"Study",
        "75":"Plan",
        "76":"Relate",
        "77":"Adopt",
        "78":"Adopt",
        "79":"TBD",
        "80":"Study",
        "81":"Study",
        "82":"Study",
        "83":"Relate",
        "84":"Adopt",
        "85":"Study"
    },
    "KPI Research Activity Arc (Topic)":{
        "0":"Park",
        "1":"Engage",
        "2":"Engage",
        "3":"Engage",
        "4":"Engage",
        "5":"Engage",
        "6":"Engage",
        "7":"Engage",
        "8":"Engage",
        "9":"Engage",
        "10":"Park",
        "11":"Park",
        "12":"Engage",
        "13":"Park",
        "14":"Engage",
        "15":"Engage",
        "16":"Engage",
        "17":"Engage",
        "18":"Engage",
        "19":"Engage",
        "20":"Park",
        "21":"Engage",
        "22":"Park",
        "23":"Park",
        "24":"Engage",
        "25":"Park",
        "26":"Engage",
        "27":"Engage",
        "28":"Engage",
        "29":"Engage",
        "30":"Engage",
        "31":"Engage",
        "32":"Engage",
        "33":"Engage",
        "34":"Engage",
        "35":"Watch+Learn",
        "36":"Park",
        "37":"Engage",
        "38":"Engage",
        "39":"Park",
        "40":"Park",
        "41":"Engage",
        "42":"Engage",
        "43":"Engage",
        "44":"Park",
        "45":"Engage",
        "46":"Engage",
        "47":"Watch+Learn",
        "48":"Engage",
        "49":"Engage",
        "50":"Engage",
        "51":"Engage",
        "52":"Engage",
        "53":"Park",
        "54":"Engage",
        "55":"Engage",
        "56":"Park",
        "57":"Watch+Learn",
        "58":"Park",
        "59":"Engage",
        "60":"Engage",
        "61":"Park",
        "62":"Engage",
        "63":"Engage",
        "64":"Watch+Learn",
        "65":"Engage",
        "66":"Engage",
        "67":"Park",
        "68":"Engage",
        "69":"Engage",
        "70":"Engage",
        "71":"Engage",
        "72":"Engage",
        "73":"Engage",
        "74":"Engage",
        "75":"Engage",
        "76":"Engage",
        "77":"Engage",
        "78":"Engage",
        "79":"Engage",
        "80":"Engage",
        "81":"Engage",
        "82":"Engage",
        "83":"Engage",
        "84":"Engage",
        "85":"Engage"
    },
    "Activity Type":{
        "0":"Backgrounder",
        "1":"PoC (technology)",
        "2":"PoC (technology)",
        "3":"Backgrounder",
        "4":"Backgrounder",
        "5":"Pilot",
        "6":"Pilot",
        "7":"Backgrounder",
        "8":"Backgrounder",
        "9":"PoC (technology)",
        "10":"Backgrounder",
        "11":"Backgrounder",
        "12":"Backgrounder",
        "13":"Backgrounder",
        "14":"Reference Architecture",
        "15":"Adoption Strategy",
        "16":"Pilot",
        "17":"PoC (technology)",
        "18":"Pilot",
        "19":"Backgrounder",
        "20":"Backgrounder",
        "21":"Backgrounder",
        "22":"PoC (business)",
        "23":"Backgrounder",
        "24":"Research Summary",
        "25":"Backgrounder",
        "26":"Backgrounder",
        "27":"Backgrounder",
        "28":"Backgrounder",
        "29":"Backgrounder",
        "30":"Backgrounder",
        "31":"Backgrounder",
        "32":"Backgrounder",
        "33":"Backgrounder",
        "34":"Pilot",
        "35":"Backgrounder",
        "36":"Backgrounder",
        "37":"Backgrounder",
        "38":"Backgrounder",
        "39":"Backgrounder",
        "40":"Backgrounder",
        "41":"Outlook",
        "42":"Backgrounder",
        "43":"Backgrounder",
        "44":"Backgrounder",
        "45":"Pilot",
        "46":"Pilot",
        "47":"Outlook",
        "48":"Outlook",
        "49":"Backgrounder",
        "50":"Outlook",
        "51":"PoC (technology)",
        "52":"PoC (technology)",
        "53":"Backgrounder",
        "54":"Backgrounder",
        "55":"Backgrounder",
        "56":"Backgrounder",
        "57":"Research Summary",
        "58":"Backgrounder",
        "59":"Backgrounder",
        "60":"PoC (technology)",
        "61":"Backgrounder",
        "62":"PoC (technology)",
        "63":"Backgrounder",
        "64":"Backgrounder",
        "65":"Adoption Strategy",
        "66":"Backgrounder",
        "67":"Backgrounder",
        "68":"Backgrounder",
        "69":"Backgrounder",
        "70":"Backgrounder",
        "71":"Backgrounder",
        "72":"Research Summary",
        "73":"Backgrounder",
        "74":"Backgrounder",
        "75":"Backgrounder",
        "76":"PoC (technology)",
        "77":"Pilot",
        "78":"Reference Architecture",
        "79":"Research Product",
        "80":"Backgrounder",
        "81":"Backgrounder",
        "82":"Backgrounder",
        "83":"PoC (technology)",
        "84":"Backgrounder",
        "85":"Backgrounder"
    },
    "Status":{
        "0":"Complete",
        "1":"Planned",
        "2":"In Progress",
        "3":"In Progress",
        "4":"Complete",
        "5":"In Progress",
        "6":"In Progress",
        "7":"Complete",
        "8":"Complete",
        "9":"Planned",
        "10":"Complete",
        "11":"Complete",
        "12":"Planned",
        "13":"Complete",
        "14":"Planned",
        "15":"Planned",
        "16":"In Progress",
        "17":"Planned",
        "18":"Complete",
        "19":"In Progress",
        "20":"Complete",
        "21":"Planned",
        "22":"In Progress",
        "23":"Complete",
        "24":"Complete",
        "25":"Complete",
        "26":"In Progress",
        "27":"Complete",
        "28":"In Progress",
        "29":"In Progress",
        "30":"In Progress",
        "31":"In Progress",
        "32":"Planned",
        "33":"Complete",
        "34":"In Progress",
        "35":"Complete",
        "36":"Complete",
        "37":"Planned",
        "38":"Complete",
        "39":"Complete",
        "40":"Complete",
        "41":"Planned",
        "42":"Planned",
        "43":"Complete",
        "44":"Complete",
        "45":"In Progress",
        "46":"In Progress",
        "47":"Complete",
        "48":"In Progress",
        "49":"In Progress",
        "50":"Complete",
        "51":"Complete",
        "52":"In Progress",
        "53":"Complete",
        "54":"In Progress",
        "55":"Planned",
        "56":"Complete",
        "57":"Complete",
        "58":"Complete",
        "59":"Complete",
        "60":"In Progress",
        "61":"Complete",
        "62":"In Progress",
        "63":"In Progress",
        "64":"Complete",
        "65":"In Progress",
        "66":"In Progress",
        "67":"Complete",
        "68":"In Progress",
        "69":"Complete",
        "70":"In Progress",
        "71":"In Progress",
        "72":"Complete",
        "73":"Planned",
        "74":"Complete",
        "75":"Complete",
        "76":"Complete",
        "77":"In Progress",
        "78":"In Progress",
        "79":null,
        "80":"In Progress",
        "81":"Planned",
        "82":"In Progress",
        "83":"In Progress",
        "84":"Complete",
        "85":"In Progress"
    }
}